{
  "ac_apps": { "paths": [ "apps/lua/*", "extension/internal/*" ] },
  "ac_chaser_camera": { "paths": [ "extension/lua/chaser-camera/*" ] },
  "ac_joypad_assist": { "paths": [ "extension/lua/joypad-assist/*" ] },
  "ac_new_modes": { "paths": [ "extension/lua/new-modes/*" ] },
  "ac_pfx_fireworks": { "paths": [ "extension/lua/fireworks/*" ] },
  "ac_pp_filters": { "paths": [ "extension/lua/pp-filters/*" ] },
  "ac_tfx": { "paths": [ "extension/lua/tfx/*" ] },
  "ac_tools": { "paths": [ "extension/lua/tools/*" ] },
  "ac_track_script": { "paths": [ "content/tracks/*/extension*", "extension/config/tracks/*", "extension/lua/tracks/*" ] },
  "ac_online_script": { "paths": [ "extension/lua/online/*" ] },
  "ac_wfx_controller": { "paths": [ "extension/weather-controllers/*" ] },
  "ac_wfx_impl": { "paths": [ "extension/weather/*" ] },
  "ac_car_cphys": { "paths": [ "content/cars/*/data*" ] },
  "ac_car_scriptable_display": { "paths": [ "content/cars/*/extension*", "extension/config/cars/*", "extension/lua/cars/*" ] }
}
